Topic,Top Product
Topic 0,Apple  AirPods with Charging Case 2nd generation  White
Topic 0,Apple  AirPods 3rd generation with Lightning Charging Case  White
Topic 0,Apple  EarPods with Lightning Connector  White
Topic 0,Beats by Dr Dre  Beats Fit Pro True Wireless Noise Cancelling InEar Earbuds Black
Topic 0,Samsung  Galaxy Buds2 True Wireless Earbud Headphones  Phantom Black
Topic 1,Apple  AirPods with Charging Case 2nd generation  White
Topic 1,Apple  AirPods 3rd generation with Lightning Charging Case  White
Topic 1,Apple  EarPods with Lightning Connector  White
Topic 1,Samsung  Galaxy Buds Live True Wireless Earbud Headphones Bronze
Topic 1,JBL  Reflect Mini True Wireless Noise Cancelling InEar Earbuds Black
Topic 2,Apple  AirPods 3rd generation with Lightning Charging Case  White
Topic 2,Apple  AirPods with Charging Case 2nd generation  White
Topic 2,Beats by Dr Dre  Geek Squad Certified Refurbished Beats Fit Pro True Wireless Noise Cancelling InEar Headphones Black
Topic 2,Soundcore by Anker Life Note E Earbuds True Wireless InEar Headphones  Black
Topic 2,JLab  Epic Air Sport ANC True Wireless Earbuds  Black
Topic 3,Soundcore by Anker Life Note E Earbuds True Wireless InEar Headphones  Black
Topic 3,Apple  AirPods with Charging Case 2nd generation  White
Topic 3,Apple  AirPods 3rd generation with Lightning Charging Case  White
Topic 3,Beats by Dr Dre  Beats Studio Buds Totally Wireless Noise Cancelling Earbuds  Black
Topic 3,Beats by Dr Dre  Beats Fit Pro True Wireless Noise Cancelling InEar Earbuds Black
Topic 4,Samsung Galaxy Buds 2 Pro True Wireless Earbud Headphones Graphite
Topic 4,Apple  AirPods with Charging Case 2nd generation  White
Topic 4,Apple  AirPods 3rd generation with Lightning Charging Case  White
Topic 4,Beats by Dr Dre  Beats Studio Buds Totally Wireless Noise Cancelling Earbuds  Black
Topic 4,JLab  GO Air POP True Wireless InEar Headphones  Black
Topic 5,Apple  AirPods with Charging Case 2nd generation  White
Topic 5,Samsung  Galaxy Buds2 True Wireless Earbud Headphones  Phantom Black
Topic 5,Beats by Dr Dre  Geek Squad Certified Refurbished Beats Fit Pro True Wireless Noise Cancelling InEar Headphones Black
Topic 5,Samsung Galaxy Buds 2 Pro True Wireless Earbud Headphones Graphite
Topic 5,Beats by Dr Dre  Beats Fit Pro True Wireless Noise Cancelling InEar Earbuds Black
Topic 6,Apple  EarPods with Lightning Connector  White
Topic 6,Apple  AirPods 3rd generation with Lightning Charging Case  White
Topic 6,Apple  AirPods with Charging Case 2nd generation  White
Topic 6,Samsung  Galaxy Buds Live True Wireless Earbud Headphones Bronze
Topic 6,JLab  GO Air POP True Wireless InEar Headphones  Black
Topic 7,Apple  EarPods with Lightning Connector  White
Topic 7,Sony  EX155AP EX Series Wired InEar Headphones  Black
Topic 7,Apple  AirPods 3rd generation with Lightning Charging Case  White
Topic 7,Apple  AirPods with Charging Case 2nd generation  White
Topic 7,Beats by Dr Dre  Beats Studio Buds Totally Wireless Noise Cancelling Earbuds  Black
Topic 8,Apple  AirPods 3rd generation with Lightning Charging Case  White
Topic 8,Apple  EarPods with Lightning Connector  White
Topic 8,Apple  AirPods with Charging Case 2nd generation  White
Topic 8,Samsung  Galaxy Buds Live True Wireless Earbud Headphones Bronze
Topic 8,Sony  EX155AP EX Series Wired InEar Headphones  Black
Topic 9,Apple  AirPods 3rd generation with Lightning Charging Case  White
Topic 9,Apple  AirPods with Charging Case 2nd generation  White
Topic 9,Beats by Dr Dre  Beats Studio Buds Totally Wireless Noise Cancelling Earbuds  Black
Topic 9,Beats by Dr Dre  Geek Squad Certified Refurbished Beats Fit Pro True Wireless Noise Cancelling InEar Headphones Black
Topic 9,Apple  EarPods with Lightning Connector  White
